data;id;command
;;
;;
;;
;;
;;
;;
;;
;;
;;
2022-05-31;5060756563;/start
2022-05-31;5060756563;‚≠ê–ü–æ–ø—É–ª—è—Ä–Ω—ã–µ –ø—Ä–µ–¥–ª–æ–∂–µ–Ω–∏—è
2022-05-31;5060756563;üîç–ü–æ–¥–±–æ—Ä –∑–∞–π–º–∞
2022-05-31;5060756563;üìù–ú–æ–∏ –Ω–∞—Å—Ç—Ä–æ–π–∫–∏
2022-05-31;5060756563;‚Åâ–ü–æ–º–æ—â—å
2022-05-31;5060756563;/start
2022-05-31;5060756563;/start
2022-05-31;5060756563;üìù–ú–æ–∏ –Ω–∞—Å—Ç—Ä–æ–π–∫–∏
2022-05-31;5060756563;/start
2022-05-31;5060756563;‚≠ê–ü–æ–ø—É–ª—è—Ä–Ω—ã–µ –ø—Ä–µ–¥–ª–æ–∂–µ–Ω–∏—è
2022-05-31;5060756563;üîç–ü–æ–¥–±–æ—Ä –∑–∞–π–º–∞
2022-05-31;5060756563;‚Åâ–ü–æ–º–æ—â—å
2022-06-01;5060756563;/start
2022-06-01;5060756563;/start
2022-06-01;5060756563;‚≠ê–ü–æ–ø—É–ª—è—Ä–Ω—ã–µ –ø—Ä–µ–¥–ª–æ–∂–µ–Ω–∏—è
2022-06-01;5060756563;üîç–ü–æ–¥–±–æ—Ä –∑–∞–π–º–∞
2022-06-01;1988037239;/start
2022-06-01;1988037239;‚≠ê–ü–æ–ø—É–ª—è—Ä–Ω—ã–µ –ø—Ä–µ–¥–ª–æ–∂–µ–Ω–∏—è
2022-06-01;1988037239;üîç–ü–æ–¥–±–æ—Ä –∑–∞–π–º–∞
2022-06-01;1988037239;üîç–ü–æ–¥–±–æ—Ä –∑–∞–π–º–∞
2022-06-01;1988037239;üîç–ü–æ–¥–±–æ—Ä –∑–∞–π–º–∞
2022-06-01;1988037239;‚≠ê–ü–æ–ø—É–ª—è—Ä–Ω—ã–µ –ø—Ä–µ–¥–ª–æ–∂–µ–Ω–∏—è
2022-06-01;1988037239;üîç–ü–æ–¥–±–æ—Ä –∑–∞–π–º–∞
2022-06-01;1988037239;‚≠ê–ü–æ–ø—É–ª—è—Ä–Ω—ã–µ –ø—Ä–µ–¥–ª–æ–∂–µ–Ω–∏—è
2022-06-01;1988037239;üîç–ü–æ–¥–±–æ—Ä –∑–∞–π–º–∞
2022-06-01;1988037239;‚≠ê–ü–æ–ø—É–ª—è—Ä–Ω—ã–µ –ø—Ä–µ–¥–ª–æ–∂–µ–Ω–∏—è
2022-06-01;1988037239;‚≠ê–ü–æ–ø—É–ª—è—Ä–Ω—ã–µ –ø—Ä–µ–¥–ª–æ–∂–µ–Ω–∏—è
2022-06-01;1988037239;üîç–ü–æ–¥–±–æ—Ä –∑–∞–π–º–∞
2022-06-01;5060756563;/start
2022-06-01;5060756563;‚≠ê–ü–æ–ø—É–ª—è—Ä–Ω—ã–µ –ø—Ä–µ–¥–ª–æ–∂–µ–Ω–∏—è
2022-06-01;1988037239;‚Åâ–ü–æ–º–æ—â—å
2022-06-01;1988037239;üìù–ú–æ–∏ –Ω–∞—Å—Ç—Ä–æ–π–∫–∏
2022-06-01;1988037239;üîç–ü–æ–¥–±–æ—Ä –∑–∞–π–º–∞
2022-06-01;1988037239;‚≠ê–ü–æ–ø—É–ª—è—Ä–Ω—ã–µ –ø—Ä–µ–¥–ª–æ–∂–µ–Ω–∏—è
2022-06-01;1988037239;‚≠ê–ü–æ–ø—É–ª—è—Ä–Ω—ã–µ –ø—Ä–µ–¥–ª–æ–∂–µ–Ω–∏—è
2022-06-02;5060756563;/start
2022-06-03;5060756563;/start
2022-06-03;5060756563;‚≠ê–ü–æ–ø—É–ª—è—Ä–Ω—ã–µ –ø—Ä–µ–¥–ª–æ–∂–µ–Ω–∏—è
2022-06-03;5060756563;üîç–ü–æ–¥–±–æ—Ä –∑–∞–π–º–∞
2022-06-06;2005486386;/start
2022-06-14;5060756563;/start
2022-06-14;5060756563;üîç–ü–æ–¥–±–æ—Ä –∑–∞–π–º–∞
2022-06-15;696781491;/start
2022-06-15;630170326;/start
2022-06-15;630170326;üîç–ü–æ–¥–±–æ—Ä –∑–∞–π–º–∞
2022-06-15;696781491;‚≠ê–ü–æ–ø—É–ª—è—Ä–Ω—ã–µ –ø—Ä–µ–¥–ª–æ–∂–µ–Ω–∏—è
2022-06-15;1957625175;/start
2022-06-15;1957625175;‚≠ê–ü–æ–ø—É–ª—è—Ä–Ω—ã–µ –ø—Ä–µ–¥–ª–æ–∂–µ–Ω–∏—è
2022-06-15;5079378490;/start
2022-06-15;5079378490;üîç–ü–æ–¥–±–æ—Ä –∑–∞–π–º–∞
2022-06-15;1965847430;/start
2022-06-15;1965847430;üìù–ú–æ–∏ –Ω–∞—Å—Ç—Ä–æ–π–∫–∏
2022-06-15;1965847430;‚≠ê–ü–æ–ø—É–ª—è—Ä–Ω—ã–µ –ø—Ä–µ–¥–ª–æ–∂–µ–Ω–∏—è
2022-06-15;2077461509;/start
2022-06-15;2077461509;‚≠ê–ü–æ–ø—É–ª—è—Ä–Ω—ã–µ –ø—Ä–µ–¥–ª–æ–∂–µ–Ω–∏—è
2022-06-15;5298803322;/start
2022-06-15;5298803322;üîç–ü–æ–¥–±–æ—Ä –∑–∞–π–º–∞
2022-06-15;738042740;/start
2022-06-15;1988037239;/start
2022-06-15;1988037239;‚≠ê–ü–æ–ø—É–ª—è—Ä–Ω—ã–µ –ø—Ä–µ–¥–ª–æ–∂–µ–Ω–∏—è
2022-06-15;1991868621;/start
2022-06-15;1991868621;üîç–ü–æ–¥–±–æ—Ä –∑–∞–π–º–∞
2022-06-15;931276697;/start
2022-06-15;931276697;üîç–ü–æ–¥–±–æ—Ä –∑–∞–π–º–∞
2022-06-16;5512054754;/start
2022-06-16;5512054754;üîç–ü–æ–¥–±–æ—Ä –∑–∞–π–º–∞
2022-06-16;5498520708;/start
2022-06-16;5498520708;‚Åâ–ü–æ–º–æ—â—å
2022-06-16;5498520708;üîç–ü–æ–¥–±–æ—Ä –∑–∞–π–º–∞
2022-06-16;968671352;/start
2022-06-16;968671352;üîç–ü–æ–¥–±–æ—Ä –∑–∞–π–º–∞
2022-06-16;1999453351;/start
2022-06-16;1999453351;üìù–ú–æ–∏ –Ω–∞—Å—Ç—Ä–æ–π–∫–∏
2022-06-16;1999453351;üîç–ü–æ–¥–±–æ—Ä –∑–∞–π–º–∞
2022-06-16;261730429;/start
2022-06-16;261730429;üîç–ü–æ–¥–±–æ—Ä –∑–∞–π–º–∞
2022-06-16;976877321;/start
2022-06-16;5011101524;/start
2022-06-16;5011101524;üîç–ü–æ–¥–±–æ—Ä –∑–∞–π–º–∞
2022-06-16;5050351324;/start
2022-06-16;5050351324;‚≠ê–ü–æ–ø—É–ª—è—Ä–Ω—ã–µ –ø—Ä–µ–¥–ª–æ–∂–µ–Ω–∏—è
2022-06-16;5281912656;/start
2022-06-16;5177991483;/start
2022-06-16;5109798349;/start
2022-06-16;5109798349;üîç–ü–æ–¥–±–æ—Ä –∑–∞–π–º–∞
2022-06-16;5257748568;/start
2022-06-16;1976197746;/start
2022-06-16;1976197746;üîç–ü–æ–¥–±–æ—Ä –∑–∞–π–º–∞
2022-06-16;1976197746;‚≠ê–ü–æ–ø—É–ª—è—Ä–Ω—ã–µ –ø—Ä–µ–¥–ª–æ–∂–µ–Ω–∏—è
2022-06-16;1976197746;üìù–ú–æ–∏ –Ω–∞—Å—Ç—Ä–æ–π–∫–∏
2022-06-17;1174452979;/start
2022-06-17;1174452979;üîç–ü–æ–¥–±–æ—Ä –∑–∞–π–º–∞
2022-06-17;261730429;‚≠ê–ü–æ–ø—É–ª—è—Ä–Ω—ã–µ –ø—Ä–µ–¥–ª–æ–∂–µ–Ω–∏—è
2022-06-21;5483925602;/start
2022-06-21;5483925602;üîç–ü–æ–¥–±–æ—Ä –∑–∞–π–º–∞
2022-06-22;792524088;/start
2022-06-22;792524088;‚≠ê–ü–æ–ø—É–ª—è—Ä–Ω—ã–µ –ø—Ä–µ–¥–ª–æ–∂–µ–Ω–∏—è
2022-06-22;792524088;‚≠ê–ü–æ–ø—É–ª—è—Ä–Ω—ã–µ –ø—Ä–µ–¥–ª–æ–∂–µ–Ω–∏—è
2022-06-23;1462148015;/start
2022-06-23;1462148015;üìù–ú–æ–∏ –Ω–∞—Å—Ç—Ä–æ–π–∫–∏
2022-06-23;1462148015;‚≠ê–ü–æ–ø—É–ª—è—Ä–Ω—ã–µ –ø—Ä–µ–¥–ª–æ–∂–µ–Ω–∏—è
2022-06-23;1462148015;üîç–ü–æ–¥–±–æ—Ä –∑–∞–π–º–∞
2022-06-23;1462148015;üîç–ü–æ–¥–±–æ—Ä –∑–∞–π–º–∞
2022-06-23;1462148015;‚≠ê–ü–æ–ø—É–ª—è—Ä–Ω—ã–µ –ø—Ä–µ–¥–ª–æ–∂–µ–Ω–∏—è
2022-06-24;1462148015;üîç–ü–æ–¥–±–æ—Ä –∑–∞–π–º–∞
2022-06-24;1462148015;‚≠ê–ü–æ–ø—É–ª—è—Ä–Ω—ã–µ –ø—Ä–µ–¥–ª–æ–∂–µ–Ω–∏—è
2022-07-05;1796451566;/start
2022-07-05;1796451566;üîç–ü–æ–¥–±–æ—Ä –∑–∞–π–º–∞
2022-07-05;1024744328;/start
2022-07-05;1024744328;‚≠ê–ü–æ–ø—É–ª—è—Ä–Ω—ã–µ –ø—Ä–µ–¥–ª–æ–∂–µ–Ω–∏—è
2022-07-08;1352423207;/start
2022-07-08;1352423207;üìù–ú–æ–∏ –Ω–∞—Å—Ç—Ä–æ–π–∫–∏
2022-07-08;1352423207;‚≠ê–ü–æ–ø—É–ª—è—Ä–Ω—ã–µ –ø—Ä–µ–¥–ª–æ–∂–µ–Ω–∏—è
2022-07-08;371513424;/start
2022-07-08;371513424;üîç–ü–æ–¥–±–æ—Ä –∑–∞–π–º–∞
2022-07-08;1168978266;/start
2022-07-08;1168978266;üîç–ü–æ–¥–±–æ—Ä –∑–∞–π–º–∞
2022-07-08;993841191;/start
2022-07-08;993841191;üîç–ü–æ–¥–±–æ—Ä –∑–∞–π–º–∞
2022-07-08;922598743;/start
2022-07-08;922598743;üìù–ú–æ–∏ –Ω–∞—Å—Ç—Ä–æ–π–∫–∏
2022-07-08;922598743;üîç–ü–æ–¥–±–æ—Ä –∑–∞–π–º–∞
2022-07-08;922598743;‚≠ê–ü–æ–ø—É–ª—è—Ä–Ω—ã–µ –ø—Ä–µ–¥–ª–æ–∂–µ–Ω–∏—è
2022-07-08;922598743;üîç–ü–æ–¥–±–æ—Ä –∑–∞–π–º–∞
2022-07-08;5300578406;/start
2022-07-08;5300578406;üîç–ü–æ–¥–±–æ—Ä –∑–∞–π–º–∞
2022-07-08;5476643800;/start
2022-07-08;5476643800;‚≠ê–ü–æ–ø—É–ª—è—Ä–Ω—ã–µ –ø—Ä–µ–¥–ª–æ–∂–µ–Ω–∏—è
2022-07-08;5476643800;‚≠ê–ü–æ–ø—É–ª—è—Ä–Ω—ã–µ –ø—Ä–µ–¥–ª–æ–∂–µ–Ω–∏—è
2022-07-08;5328505013;/start
2022-07-08;5328505013;üîç–ü–æ–¥–±–æ—Ä –∑–∞–π–º–∞
2022-07-08;5213718829;/start
2022-07-08;5213718829;üîç–ü–æ–¥–±–æ—Ä –∑–∞–π–º–∞
2022-07-08;5213718829;‚≠ê–ü–æ–ø—É–ª—è—Ä–Ω—ã–µ –ø—Ä–µ–¥–ª–æ–∂–µ–Ω–∏—è
2022-07-08;1383826525;/start
2022-07-08;1383826525;üîç–ü–æ–¥–±–æ—Ä –∑–∞–π–º–∞
2022-07-08;743586451;/start
2022-07-08;743586451;üîç–ü–æ–¥–±–æ—Ä –∑–∞–π–º–∞
2022-07-08;1924206519;/start
2022-07-08;1924206519;üîç–ü–æ–¥–±–æ—Ä –∑–∞–π–º–∞
2022-07-08;743586451;‚≠ê–ü–æ–ø—É–ª—è—Ä–Ω—ã–µ –ø—Ä–µ–¥–ª–æ–∂–µ–Ω–∏—è
2022-07-08;5323538096;/start
2022-07-08;5323538096;‚≠ê–ü–æ–ø—É–ª—è—Ä–Ω—ã–µ –ø—Ä–µ–¥–ª–æ–∂–µ–Ω–∏—è
2022-07-08;5344428043;/start
2022-07-08;5344428043;üîç–ü–æ–¥–±–æ—Ä –∑–∞–π–º–∞
2022-07-08;5344428043;‚≠ê–ü–æ–ø—É–ª—è—Ä–Ω—ã–µ –ø—Ä–µ–¥–ª–æ–∂–µ–Ω–∏—è
2022-07-08;952973253;/start
2022-07-08;952973253;üîç–ü–æ–¥–±–æ—Ä –∑–∞–π–º–∞
2022-07-08;5095126885;/start
2022-07-08;5095126885;üîç–ü–æ–¥–±–æ—Ä –∑–∞–π–º–∞
2022-07-08;5161767671;/start
2022-07-08;5161767671;üîç–ü–æ–¥–±–æ—Ä –∑–∞–π–º–∞
2022-07-08;1986663320;/start
2022-07-08;1986663320;üîç–ü–æ–¥–±–æ—Ä –∑–∞–π–º–∞
2022-07-09;403021841;/start
2022-07-09;403021841;üîç–ü–æ–¥–±–æ—Ä –∑–∞–π–º–∞
2022-07-09;403021841;üìù–ú–æ–∏ –Ω–∞—Å—Ç—Ä–æ–π–∫–∏
2022-07-09;403021841;üîç–ü–æ–¥–±–æ—Ä –∑–∞–π–º–∞
2022-07-09;5352388798;/start
2022-07-09;5352388798;üîç–ü–æ–¥–±–æ—Ä –∑–∞–π–º–∞
2022-07-10;5213718829;üîç–ü–æ–¥–±–æ—Ä –∑–∞–π–º–∞
2022-07-30;1986663320;/start
2022-07-30;1986663320;üîç–ü–æ–¥–±–æ—Ä –∑–∞–π–º–∞
2022-08-05;5060756563;/start
2022-08-06;5060756563;/start
2022-08-06;5060756563;/start
2022-08-09;1511621321;/start
2022-08-09;1511621321;üîç–ü–æ–¥–±–æ—Ä –∑–∞–π–º–∞
2022-08-09;1688342704;/start
2022-08-09;1688342704;üìù–ú–æ–∏ –Ω–∞—Å—Ç—Ä–æ–π–∫–∏
2022-08-09;1688342704;üîç–ü–æ–¥–±–æ—Ä –∑–∞–π–º–∞
2022-08-28;5060756563;/start
2022-08-28;5060756563;‚≠ê–ü–æ–ø—É–ª—è—Ä–Ω—ã–µ –ø—Ä–µ–¥–ª–æ–∂–µ–Ω–∏—è
2022-08-29;5060756563;/start
2022-08-30;5060756563;‚≠ê–ü–æ–ø—É–ª—è—Ä–Ω—ã–µ –ø—Ä–µ–¥–ª–æ–∂–µ–Ω–∏—è
2022-08-31;5060756563;‚≠ê–ü–æ–ø—É–ª—è—Ä–Ω—ã–µ –ø—Ä–µ–¥–ª–æ–∂–µ–Ω–∏—è
2022-08-31;5060756563;üîç–ü–æ–¥–±–æ—Ä –∑–∞–π–º–∞
2022-08-31;5060756563;‚≠ê–ü–æ–ø—É–ª—è—Ä–Ω—ã–µ –ø—Ä–µ–¥–ª–æ–∂–µ–Ω–∏—è
2022-09-03;5060756563;‚≠ê–ü–æ–ø—É–ª—è—Ä–Ω—ã–µ –ø—Ä–µ–¥–ª–æ–∂–µ–Ω–∏—è
2022-09-05;5060756563;‚≠ê–ü–æ–ø—É–ª—è—Ä–Ω—ã–µ –ø—Ä–µ–¥–ª–æ–∂–µ–Ω–∏—è
2022-09-08;5060756563;‚≠ê–ü–æ–ø—É–ª—è—Ä–Ω—ã–µ –ø—Ä–µ–¥–ª–æ–∂–µ–Ω–∏—è
2022-09-11;5060756563;‚≠ê–ü–æ–ø—É–ª—è—Ä–Ω—ã–µ –ø—Ä–µ–¥–ª–æ–∂–µ–Ω–∏—è
2022-09-12;1988037239;‚≠ê–ü–æ–ø—É–ª—è—Ä–Ω—ã–µ –ø—Ä–µ–¥–ª–æ–∂–µ–Ω–∏—è
2022-09-13;5060756563;/start
2022-09-13;5060756563;üìù–ú–æ–∏ –Ω–∞—Å—Ç—Ä–æ–π–∫–∏
2022-09-13;5060756563;üîç–ü–æ–¥–±–æ—Ä –∑–∞–π–º–∞
2022-09-23;5060756563;‚≠ê–ü–æ–ø—É–ª—è—Ä–Ω—ã–µ –ø—Ä–µ–¥–ª–æ–∂–µ–Ω–∏—è
2022-09-23;5060756563;üîç–ü–æ–¥–±–æ—Ä –∑–∞–π–º–∞
2022-09-23;5060756563;üìù–ú–æ–∏ –Ω–∞—Å—Ç—Ä–æ–π–∫–∏
2022-09-23;5060756563;‚≠ê–ü–æ–ø—É–ª—è—Ä–Ω—ã–µ –ø—Ä–µ–¥–ª–æ–∂–µ–Ω–∏—è
2022-09-23;5060756563;üîç–ü–æ–¥–±–æ—Ä –∑–∞–π–º–∞
2022-09-28;1988037239;‚≠ê–ü–æ–ø—É–ª—è—Ä–Ω—ã–µ –ø—Ä–µ–¥–ª–æ–∂–µ–Ω–∏—è
2022-09-29;5060756563;/start
2022-09-29;5060756563;‚≠ê–ü–æ–ø—É–ª—è—Ä–Ω—ã–µ –ø—Ä–µ–¥–ª–æ–∂–µ–Ω–∏—è
2022-10-01;1988037239;‚≠ê–ü–æ–ø—É–ª—è—Ä–Ω—ã–µ –ø—Ä–µ–¥–ª–æ–∂–µ–Ω–∏—è
2022-10-03;1988037239;‚≠ê–ü–æ–ø—É–ª—è—Ä–Ω—ã–µ –ø—Ä–µ–¥–ª–æ–∂–µ–Ω–∏—è
2022-10-06;5754942955;/start
2022-10-06;5754942955;üîç–ü–æ–¥–±–æ—Ä –∑–∞–π–º–∞
2022-10-06;5754942955;‚≠ê–ü–æ–ø—É–ª—è—Ä–Ω—ã–µ –ø—Ä–µ–¥–ª–æ–∂–µ–Ω–∏—è
2022-10-06;5754942955;‚≠ê–ü–æ–ø—É–ª—è—Ä–Ω—ã–µ –ø—Ä–µ–¥–ª–æ–∂–µ–Ω–∏—è
2022-10-09;5060756563;/start
2022-10-09;5060756563;‚≠ê–ü–æ–ø—É–ª—è—Ä–Ω—ã–µ –ø—Ä–µ–¥–ª–æ–∂–µ–Ω–∏—è
2022-10-16;5060756563;‚≠ê–ü–æ–ø—É–ª—è—Ä–Ω—ã–µ –ø—Ä–µ–¥–ª–æ–∂–µ–Ω–∏—è
2022-10-18;1204882742;/start
2022-10-19;5060756563;‚≠ê–ü–æ–ø—É–ª—è—Ä–Ω—ã–µ –ø—Ä–µ–¥–ª–æ–∂–µ–Ω–∏—è
2022-10-24;5060756563;‚≠ê–ü–æ–ø—É–ª—è—Ä–Ω—ã–µ –ø—Ä–µ–¥–ª–æ–∂–µ–Ω–∏—è
2022-10-24;5060756563;üìù–ú–æ–∏ –Ω–∞—Å—Ç—Ä–æ–π–∫–∏
2022-10-24;5060756563;‚≠ê–ü–æ–ø—É–ª—è—Ä–Ω—ã–µ –ø—Ä–µ–¥–ª–æ–∂–µ–Ω–∏—è
2022-11-02;5060756563;‚≠ê–ü–æ–ø—É–ª—è—Ä–Ω—ã–µ –ø—Ä–µ–¥–ª–æ–∂–µ–Ω–∏—è
2022-11-14;5060756563;‚≠ê–ü–æ–ø—É–ª—è—Ä–Ω—ã–µ –ø—Ä–µ–¥–ª–æ–∂–µ–Ω–∏—è
2022-11-14;5060756563;üìù–ú–æ–∏ –Ω–∞—Å—Ç—Ä–æ–π–∫–∏
2022-11-14;5060756563;‚≠ê–ü–æ–ø—É–ª—è—Ä–Ω—ã–µ –ø—Ä–µ–¥–ª–æ–∂–µ–Ω–∏—è
2022-11-16;5060756563;‚Åâ–ü–æ–º–æ—â—å
2022-11-21;5060756563;üîç–ü–æ–¥–±–æ—Ä –∑–∞–π–º–∞
2022-11-21;5060756563;/start
2022-11-21;1988037239;‚≠ê–ü–æ–ø—É–ª—è—Ä–Ω—ã–µ –ø—Ä–µ–¥–ª–æ–∂–µ–Ω–∏—è
2022-11-23;1988037239;‚≠ê–ü–æ–ø—É–ª—è—Ä–Ω—ã–µ –ø—Ä–µ–¥–ª–æ–∂–µ–Ω–∏—è
2022-12-01;1988037239;‚≠ê–ü–æ–ø—É–ª—è—Ä–Ω—ã–µ –ø—Ä–µ–¥–ª–æ–∂–µ–Ω–∏—è
2022-12-01;1988037239;üîç–ü–æ–¥–±–æ—Ä –∑–∞–π–º–∞
2022-12-01;1988037239;üîç–ü–æ–¥–±–æ—Ä –∑–∞–π–º–∞
2022-12-05;1988037239;‚≠ê–ü–æ–ø—É–ª—è—Ä–Ω—ã–µ –ø—Ä–µ–¥–ª–æ–∂–µ–Ω–∏—è
2022-12-05;1988037239;üîç–ü–æ–¥–±–æ—Ä –∑–∞–π–º–∞
2022-12-14;5060756563;‚≠ê–ü–æ–ø—É–ª—è—Ä–Ω—ã–µ –ø—Ä–µ–¥–ª–æ–∂–µ–Ω–∏—è
2022-12-14;5060756563;üîç–ü–æ–¥–±–æ—Ä –∑–∞–π–º–∞
2023-01-01;5060756563;‚≠ê–ü–æ–ø—É–ª—è—Ä–Ω—ã–µ –ø—Ä–µ–¥–ª–æ–∂–µ–Ω–∏—è
2023-01-10;5060756563;üîç–ü–æ–¥–±–æ—Ä –∑–∞–π–º–∞
2023-01-25;5060756563;‚≠ê–ü–æ–ø—É–ª—è—Ä–Ω—ã–µ –ø—Ä–µ–¥–ª–æ–∂–µ–Ω–∏—è
2023-02-01;5060756563;‚≠ê–ü–æ–ø—É–ª—è—Ä–Ω—ã–µ –ø—Ä–µ–¥–ª–æ–∂–µ–Ω–∏—è
2023-02-02;976877321;/start
2023-02-02;976877321;üîç–ü–æ–¥–±–æ—Ä –∑–∞–π–º–∞
2023-02-02;976877321;üîç–ü–æ–¥–±–æ—Ä –∑–∞–π–º–∞
2023-02-12;5931270853;/start
2023-02-12;5931270853;üîç–ü–æ–¥–±–æ—Ä –∑–∞–π–º–∞
2023-02-16;5060756563;üîç–ü–æ–¥–±–æ—Ä –∑–∞–π–º–∞
2023-02-16;5060756563;‚≠ê–ü–æ–ø—É–ª—è—Ä–Ω—ã–µ –ø—Ä–µ–¥–ª–æ–∂–µ–Ω–∏—è
2023-02-16;5060756563;/start
2023-02-16;5060756563;üìù–ú–æ–∏ –Ω–∞—Å—Ç—Ä–æ–π–∫–∏
2023-02-16;5060756563;üîç–ü–æ–¥–±–æ—Ä –∑–∞–π–º–∞
2023-03-09;5060756563;‚≠ê–ü–æ–ø—É–ª—è—Ä–Ω—ã–µ –ø—Ä–µ–¥–ª–æ–∂–µ–Ω–∏—è
2023-03-15;5801865534;/start
2023-03-15;5801865534;üîç–ü–æ–¥–±–æ—Ä –∑–∞–π–º–∞
2023-03-15;5801865534;‚≠ê–ü–æ–ø—É–ª—è—Ä–Ω—ã–µ –ø—Ä–µ–¥–ª–æ–∂–µ–Ω–∏—è
2023-03-22;5060756563;üîç–ü–æ–¥–±–æ—Ä –∑–∞–π–º–∞
2023-03-28;5060756563;‚≠ê–ü–æ–ø—É–ª—è—Ä–Ω—ã–µ –ø—Ä–µ–¥–ª–æ–∂–µ–Ω–∏—è
2023-04-07;2144052949;/start
2023-04-14;5060756563;‚≠ê–ü–æ–ø—É–ª—è—Ä–Ω—ã–µ –ø—Ä–µ–¥–ª–æ–∂–µ–Ω–∏—è
2023-05-01;1988037239;‚≠ê–ü–æ–ø—É–ª—è—Ä–Ω—ã–µ –ø—Ä–µ–¥–ª–æ–∂–µ–Ω–∏—è
2023-05-01;1988037239;‚≠ê–ü–æ–ø—É–ª—è—Ä–Ω—ã–µ –ø—Ä–µ–¥–ª–æ–∂–µ–Ω–∏—è
2023-05-01;1988037239;üîç–ü–æ–¥–±–æ—Ä –∑–∞–π–º–∞
2023-05-10;1988037239;‚≠ê–ü–æ–ø—É–ª—è—Ä–Ω—ã–µ –ø—Ä–µ–¥–ª–æ–∂–µ–Ω–∏—è
2023-08-29;5060756563;üîç–ü–æ–¥–±–æ—Ä –∑–∞–π–º–∞
2023-08-29;5060756563;‚≠ê–ü–æ–ø—É–ª—è—Ä–Ω—ã–µ –ø—Ä–µ–¥–ª–æ–∂–µ–Ω–∏—è
2023-08-29;5060756563;üìù–ú–æ–∏ –Ω–∞—Å—Ç—Ä–æ–π–∫–∏
2023-09-03;1988037239;‚≠ê–ü–æ–ø—É–ª—è—Ä–Ω—ã–µ –ø—Ä–µ–¥–ª–æ–∂–µ–Ω–∏—è
2023-09-05;5060756563;/start
2023-09-05;5060756563;‚≠ê–ü–æ–ø—É–ª—è—Ä–Ω—ã–µ –ø—Ä–µ–¥–ª–æ–∂–µ–Ω–∏—è
2023-09-05;5060756563;üîç–ü–æ–¥–±–æ—Ä –∑–∞–π–º–∞
2023-09-05;5060756563;‚≠ê–ü–æ–ø—É–ª—è—Ä–Ω—ã–µ –ø—Ä–µ–¥–ª–æ–∂–µ–Ω–∏—è
2023-09-05;5060756563;‚≠ê–ü–æ–ø—É–ª—è—Ä–Ω—ã–µ –ø—Ä–µ–¥–ª–æ–∂–µ–Ω–∏—è
2023-09-06;1988037239;‚≠ê–ü–æ–ø—É–ª—è—Ä–Ω—ã–µ –ø—Ä–µ–¥–ª–æ–∂–µ–Ω–∏—è
2023-09-06;5060756563;/start
2023-09-06;5060756563;üìù–ú–æ–∏ –Ω–∞—Å—Ç—Ä–æ–π–∫–∏
2023-09-06;5060756563;‚≠ê–ü–æ–ø—É–ª—è—Ä–Ω—ã–µ –ø—Ä–µ–¥–ª–æ–∂–µ–Ω–∏—è
2023-10-28;873157896;/start
2023-10-28;873157896;/start
2023-10-28;873157896;‚≠ê–ü–æ–ø—É–ª—è—Ä–Ω—ã–µ –ø—Ä–µ–¥–ª–æ–∂–µ–Ω–∏—è
2023-10-28;873157896;‚≠ê–ü–æ–ø—É–ª—è—Ä–Ω—ã–µ –ø—Ä–µ–¥–ª–æ–∂–µ–Ω–∏—è
2023-10-28;873157896;‚≠ê–ü–æ–ø—É–ª—è—Ä–Ω—ã–µ –ø—Ä–µ–¥–ª–æ–∂–µ–Ω–∏—è
2023-10-28;873157896;üîç–ü–æ–¥–±–æ—Ä –∑–∞–π–º–∞
2023-10-28;873157896;/start
2023-10-28;873157896;‚≠ê–ü–æ–ø—É–ª—è—Ä–Ω—ã–µ –ø—Ä–µ–¥–ª–æ–∂–µ–Ω–∏—è
2023-10-28;873157896;üîç–ü–æ–¥–±–æ—Ä –∑–∞–π–º–∞
2023-10-28;873157896;üìù–ú–æ–∏ –Ω–∞—Å—Ç—Ä–æ–π–∫–∏
2023-10-28;873157896;/start
2023-10-28;873157896;üîç–ü–æ–¥–±–æ—Ä –∑–∞–π–º–∞
2023-10-28;873157896;‚≠ê–ü–æ–ø—É–ª—è—Ä–Ω—ã–µ –ø—Ä–µ–¥–ª–æ–∂–µ–Ω–∏—è
2023-10-28;873157896;üîç–ü–æ–¥–±–æ—Ä –∑–∞–π–º–∞
2023-10-28;873157896;‚≠ê–ü–æ–ø—É–ª—è—Ä–Ω—ã–µ –ø—Ä–µ–¥–ª–æ–∂–µ–Ω–∏—è
2023-10-28;873157896;üîç–ü–æ–¥–±–æ—Ä –∑–∞–π–º–∞
2023-10-28;873157896;üìù–ú–æ–∏ –Ω–∞—Å—Ç—Ä–æ–π–∫–∏
2023-10-28;873157896;‚Åâ–ü–æ–º–æ—â—å
2023-10-28;873157896;‚≠ê–ü–æ–ø—É–ª—è—Ä–Ω—ã–µ –ø—Ä–µ–¥–ª–æ–∂–µ–Ω–∏—è
2023-10-28;873157896;üîç–ü–æ–¥–±–æ—Ä –∑–∞–π–º–∞
